Label ID,Support,True Positives,False Positives,False Negatives,True Negatives,Precision,Recall,F1 Score
AGE,3,3,0,0,64243,1.0,1.0,1.0
PATIENT,441,418,11,23,63794,0.9743589743589743,0.9478458049886621,0.960919540229885
HOSPITAL,831,811,7,20,63408,0.991442542787286,0.9759326113116726,0.9836264402668284
DOCTOR,552,545,38,7,63656,0.934819897084048,0.9873188405797102,0.960352422907489
O,61267,61237,24,30,2955,0.9996082336233493,0.9995103399872688,0.9995592844084618
PHONE,34,32,1,2,64211,0.9696969696969697,0.9411764705882353,0.955223880597015
DATE,1118,1115,4,3,63124,0.9964253798033958,0.9973166368515206,0.9968708091193562
